hex_in_hex	4	2.333	6	6
hex_in_hex	5	2.666	6	6
hex_in_hex	6	2.886	6	6
hex_in_hex	7	2.886	6	6
hex_in_hex	8	3.314	6	6
hex_in_hex	9	3.628	6	6
hex_in_hex	10	3.732	6	6
hex_in_hex	11	3.92450	6	6
hex_in_hex	12	3.94164	6	6
hex_in_hex	14	4.26899	6	6
hex_in_hex	15	4.44727	6	6
hex_in_hex	16	4.52746	6	6
hex_in_hex	17	4.6136	6	6
hex_in_hex	18	4.618	6	6
hex_in_hex	19	4.618	6	6
hex_in_hex	22	5.285	6	6
hex_in_hex	23	5.39998	6	6
hex_in_hex	24	5.484	6	6
hex_in_hex	25	5.62390	6	6
hex_in_hex	26	5.70972	6	6
hex_in_hex	27	5.71415	6	6
hex_in_hex	28	5.90893	6	6
hex_in_hex	32	6.26088	6	6
hex_in_hex	33	6.26589	6	6
hex_in_oct	1	0.82134	6	8
hex_in_oct	2	1.43488	6	8
hex_in_oct	3	1.60645	6	8
hex_in_oct	4	1.75630	6	8
hex_in_oct	5	1.98707	6	8
hex_in_oct	6	2.16435	6	8
hex_in_oct	7	2.18284	6	8
hex_in_oct	8	2.40792	6	8
hex_in_oct	9	2.62665	6	8
hex_in_oct	10	2.74238	6	8
hex_in_oct	11	2.86975	6	8
hex_in_oct	12	2.92139	6	8
hex_in_oct	13	3.07201	6	8
hex_in_oct	14	3.13475	6	8
hex_in_oct	15	3.28379	6	8
hex_in_oct	16	3.37007	6	8
hex_in_oct	17	3.47655	6	8
hex_in_oct	18	3.56008	6	8
hex_in_oct	19	3.58719	6	8
hex_in_oct	20	3.72606	6	8
hex_in_oct	21	3.81013	6	8
hex_in_oct	22	3.91915	6	8
hex_in_pen	1	1.39538	6	5
hex_in_pen	2	2.46585	6	5
hex_in_pen	3	2.74282	6	5
hex_in_pen	4	3.01521	6	5
hex_in_pen	5	3.21973	6	5
hex_in_pen	6	3.54952	6	5
hex_in_pen	7	3.79749	6	5
hex_in_pen	8	4.14916	6	5
hex_in_pen	9	4.34314	6	5
hex_in_pen	10	4.55810	6	5
hex_in_pen	11	4.71959	6	5
hex_in_pen	12	4.91850	6	5
hex_in_pen	13	5.10107	6	5
hex_in_pen	14	5.29198	6	5
hex_in_pen	15	5.41337	6	5
hex_in_pen	16	5.61409	6	5
hex_in_pen	17	5.82103	6	5
hex_in_pen	18	5.94471	6	5
hex_in_pen	19	6.10977	6	5
hex_in_pen	20	6.24667	6	5
hex_in_pen	21	6.39217	6	5
hex_in_pen	22	6.53472	6	5
hex_in_pen	23	6.66271	6	5
hex_in_pen	24	6.77466	6	5
hex_in_pen	25	6.89098	6	5
hex_in_pen	26	7.04739	6	5
hex_in_pen	27	7.15307	6	5
hex_in_pen	28	7.24834	6	5
hex_in_pen	29	7.37905	6	5
hex_in_pen	30	7.45985	6	5
hex_in_pen	31	7.63264	6	5
hex_in_pen	32	7.76649	6	5
hex_in_squ	1	1.931	6	4
hex_in_squ	2	3.156	6	4
hex_in_squ	3	3.491	6	4
hex_in_squ	4	3.725	6	4
hex_in_squ	5	4.437	6	4
hex_in_squ	6	4.813	6	4
hex_in_squ	7	5.196	6	4
hex_in_squ	8	5.196	6	4
hex_in_squ	9	5.518	6	4
hex_in_squ	10	6.10469	6	4
hex_in_squ	11	6.33218	6	4
hex_in_squ	12	6.387	6	4
hex_in_squ	13	6.75549	6	4
hex_in_squ	14	6.928	6	4
hex_in_squ	15	6.96367	6	4
hex_in_squ	16	7.311	6	4
hex_in_squ	17	7.60383	6	4
hex_in_squ	18	7.702	6	4
hex_in_squ	19	7.924	6	4
hex_in_squ	20	7.948	6	4
hex_in_squ	21	8.381	6	4
hex_in_squ	22	8.568	6	4
hex_in_squ	23	8.660	6	4
hex_in_squ	24	8.795	6	4
hex_in_squ	25	9.065	6	4
hex_in_squ	26	9.22085	6	4
hex_in_squ	27	9.27734	6	4
hex_in_tri	5	6.8301	6	3
hex_in_tri	6	6.89897	6	3
hex_in_tri	8	8.3333	6	3
hex_in_tri	9	8.64494	6	3
hex_in_tri	10	8.6602	6	3
hex_in_tri	11	9.54823	6	3
hex_in_tri	12	9.96429	6	3
hex_in_tri	13	10.28857	6	3
hex_in_tri	14	10.3923	6	3
hex_in_tri	15	10.3923	6	3
hex_in_tri	16	11.36383	6	3
hex_in_tri	17	11.63456	6	3
hex_in_tri	18	11.91421	6	3
hex_in_tri	20	12.1243	6	3
hex_in_tri	21	12.1243	6	3
hex_in_tri	22	12.99518	6	3
hex_in_tri	23	13.39989	6	3
hex_in_tri	24	13.61925	6	3
hex_in_tri	25	13.77683	6	3
hex_in_tri	26	13.85677	6	3
hex_in_tri	27	13.85677	6	3
hex_in_tri	28	13.85677	6	3
hex_in_tri	29	14.78557	6	3
hex_in_tri	32	15.47573	6	3
oct_in_hex	1	1.49571	8	6
oct_in_hex	2	2.70289	8	6
oct_in_hex	3	2.88958	8	6
oct_in_hex	4	3.27809	8	6
oct_in_hex	5	3.71848	8	6
oct_in_hex	6	3.94730	8	6
oct_in_hex	7	3.97716	8	6
oct_in_hex	8	4.56653	8	6
oct_in_hex	9	4.93304	8	6
oct_in_hex	10	5.06929	8	6
oct_in_hex	11	5.34796	8	6
oct_in_hex	12	5.38669	8	6
oct_in_hex	13	5.75470	8	6
oct_in_hex	14	5.77752	8	6
oct_in_hex	15	6.13744	8	6
oct_in_hex	16	6.21438	8	6
oct_in_hex	17	6.35725	8	6
oct_in_hex	18	6.42774	8	6
oct_in_hex	19	6.44696	8	6
oct_in_hex	20	6.99450	8	6
oct_in_oct	3	2.17157	8	8
oct_in_oct	4	2.38895	8	8
oct_in_oct	5	2.70710	8	8
oct_in_oct	6	2.98894	8	8
oct_in_oct	8	3.27524	8	8
oct_in_oct	9	3.41421	8	8
oct_in_oct	10	3.70710	8	8
oct_in_oct	11	3.93256	8	8
oct_in_oct	13	4.17157	8	8
oct_in_oct	14	4.28135	8	8
oct_in_oct	15	4.45584	8	8
oct_in_oct	16	4.59803	8	8
oct_in_oct	17	4.75690	8	8
oct_in_oct	18	4.85681	8	8
oct_in_oct	19	4.93550	8	8
oct_in_oct	20	5.06727	8	8
oct_in_oct	21	5.19695	8	8
oct_in_oct	22	5.35686	8	8
oct_in_oct	23	5.41421	8	8
oct_in_oct	24	5.55414	8	8
oct_in_oct	25	5.65437	8	8
oct_in_oct	26	5.73838	8	8
oct_in_oct	27	5.81167	8	8
oct_in_oct	28	5.82842	8	8
oct_in_oct	29	6.05649	8	8
oct_in_oct	30	6.15306	8	8
oct_in_pen	1	1.87981	8	5
oct_in_pen	2	3.35605	8	5
oct_in_pen	3	3.74412	8	5
oct_in_pen	4	4.10125	8	5
oct_in_pen	5	4.33300	8	5
oct_in_pen	6	4.77007	8	5
oct_in_pen	7	5.25544	8	5
oct_in_pen	8	5.61662	8	5
oct_in_pen	9	5.96580	8	5
oct_in_pen	10	6.28146	8	5
oct_in_pen	11	6.46576	8	5
oct_in_pen	12	6.71763	8	5
oct_in_pen	13	6.97062	8	5
oct_in_pen	14	7.16083	8	5
oct_in_pen	16	7.61505	8	5
oct_in_pen	17	7.91419	8	5
oct_in_pen	18	8.12567	8	5
oct_in_pen	19	8.34354	8	5
oct_in_pen	20	8.54202	8	5
oct_in_squ	1	2.41421	8	4
oct_in_squ	2	4.12132	8	4
oct_in_squ	3	4.82842	8	4
oct_in_squ	4	4.82842	8	4
oct_in_squ	5	5.82842	8	4
oct_in_squ	6	6.51126	8	4
oct_in_squ	7	7.03553	8	4
oct_in_squ	8	7.24264	8	4
oct_in_squ	9	7.24264	8	4
oct_in_squ	10	8.24264	8	4
oct_in_squ	11	8.57596	8	4
oct_in_squ	12	8.81586	8	4
oct_in_squ	13	9.19909	8	4
oct_in_squ	14	9.44974	8	4
oct_in_squ	15	9.65685	8	4
oct_in_squ	16	9.65685	8	4
oct_in_squ	17	10.44973	8	4
oct_in_squ	18	10.60832	8	4
oct_in_squ	19	10.96620	8	4
oct_in_squ	20	11.10493	8	4
oct_in_tri	1	4.38541	8	3
oct_in_tri	2	6.79962	8	3
oct_in_tri	3	6.83693	8	3
oct_in_tri	4	8.65211	8	3
oct_in_tri	5	9.28498	8	3
oct_in_tri	6	9.31576	8	3
oct_in_tri	7	11.06632	8	3
oct_in_tri	8	11.51025	8	3
oct_in_tri	9	11.72998	8	3
oct_in_tri	10	11.80642	8	3
oct_in_tri	11	13.24689	8	3
oct_in_tri	12	13.62032	8	3
oct_in_tri	13	14.04225	8	3
oct_in_tri	14	14.23921	8	3
oct_in_tri	15	14.28169	8	3
oct_in_tri	16	15.66136	8	3
oct_in_tri	17	16.06191	8	3
oct_in_tri	18	16.40979	8	3
oct_in_tri	19	16.54447	8	3
oct_in_tri	20	16.74197	8	3
oct_in_tri	21	16.78582	8	3
oct_in_tri	22	17.96238	8	3
pen_in_hex	1	0.92900	5	6
pen_in_hex	2	1.53879	5	6
pen_in_hex	3	1.73240	5	6
pen_in_hex	4	1.97666	5	6
pen_in_hex	5	2.21822	5	6
pen_in_hex	6	2.322943	5	6
pen_in_hex	7	2.36527	5	6
pen_in_hex	8	2.71922	5	6
pen_in_hex	9	2.86967	5	6
pen_in_hex	10	2.93664	5	6
pen_in_hex	11	3.16125	5	6
pen_in_hex	12	3.21458	5	6
pen_in_hex	13	3.40910	5	6
pen_in_hex	14	3.46643	5	6
pen_in_hex	15	3.63499	5	6
pen_in_hex	16	3.69896	5	6
pen_in_hex	17	3.75774	5	6
pen_in_hex	18	3.84479	5	6
pen_in_hex	19	3.88272	5	6
pen_in_hex	20	4.14048	5	6
pen_in_hex	21	4.24003	5	6
pen_in_hex	22	4.32443	5	6
pen_in_hex	23	4.39703	5	6
pen_in_hex	24	4.46360	5	6
pen_in_hex	25	4.57861	5	6
pen_in_hex	26	4.66031	5	6
pen_in_hex	27	4.71756	5	6
pen_in_hex	28	4.84399	5	6
pen_in_hex	29	4.91003	5	6
pen_in_hex	30	4.96406	5	6
pen_in_hex	31	5.09318	5	6
pen_in_oct	1	0.69741	5	8
pen_in_oct	2	1.17774	5	8
pen_in_oct	3	1.28954	5	8
pen_in_oct	4	1.42986	5	8
pen_in_oct	5	1.61756	5	8
pen_in_oct	6	1.78003	5	8
pen_in_oct	7	1.82343	5	8
pen_in_oct	8	1.95989	5	8
pen_in_oct	9	2.09517	5	8
pen_in_oct	10	2.21135	5	8
pen_in_oct	11	2.33111	5	8
pen_in_oct	12	2.39327	5	8
pen_in_oct	13	2.49776	5	8
pen_in_oct	14	2.56564	5	8
pen_in_oct	15	2.68123	5	8
pen_in_oct	16	2.75249	5	8
pen_in_oct	17	2.81043	5	8
pen_in_oct	18	2.89321	5	8
pen_in_oct	19	2.95527	5	8
pen_in_oct	20	3.04679	5	8
pen_in_oct	21	3.11874	5	8
pen_in_oct	22	3.19144	5	8
pen_in_oct	23	3.25129	5	8
pen_in_oct	24	3.28718	5	8
pen_in_oct	25	3.36617	5	8
pen_in_oct	26	3.42775	5	8
pen_in_oct	27	3.49945	5	8
pen_in_oct	28	3.56402	5	8
pen_in_oct	29	3.61896	5	8
pen_in_oct	30	3.66678	5	8
pen_in_oct	31	3.74416	5	8
pen_in_pen	3	2.23606	5	5
pen_in_pen	4	2.44719	5	5
pen_in_pen	5	2.61803	5	5
pen_in_pen	6	2.61803	5	5
pen_in_pen	7	3.07866	5	5
pen_in_pen	8	3.33514	5	5
pen_in_pen	9	3.44956	5	5
pen_in_pen	10	3.68324	5	5
pen_in_pen	11	3.79704	5	5
pen_in_pen	12	3.96926	5	5
pen_in_pen	13	4.06523	5	5
pen_in_pen	14	4.21111	5	5
pen_in_pen	15	4.23606	5	5
pen_in_pen	16	4.41636	5	5
pen_in_pen	17	4.65543	5	5
pen_in_pen	18	4.77541	5	5
pen_in_pen	19	4.95269	5	5
pen_in_pen	20	5.03404	5	5
pen_in_pen	21	5.15638	5	5
pen_in_pen	22	5.26645	5	5
pen_in_pen	23	5.34696	5	5
pen_in_pen	24	5.49109	5	5
pen_in_pen	25	5.58099	5	5
pen_in_pen	26	5.67233	5	5
pen_in_squ	1	1.59811	5	4
pen_in_squ	2	2.46345	5	4
pen_in_squ	3	2.90811	5	4
pen_in_squ	4	3.10252	5	4
pen_in_squ	5	3.54903	5	4
pen_in_squ	6	3.88299	5	4
pen_in_squ	7	4.18037	5	4
pen_in_squ	8	4.38191	5	4
pen_in_squ	9	4.60033	5	4
pen_in_squ	10	4.90581	5	4
pen_in_squ	11	5.11556	5	4
pen_in_squ	12	5.23221	5	4
pen_in_squ	13	5.52102	5	4
pen_in_squ	14	5.69659	5	4
pen_in_squ	15	5.90119	5	4
pen_in_squ	16	6.06452	5	4
pen_in_squ	17	6.23761	5	4
pen_in_squ	18	6.32565	5	4
pen_in_squ	19	6.55781	5	4
pen_in_squ	20	6.66135	5	4
pen_in_squ	21	6.85368	5	4
pen_in_squ	22	7.04445	5	4
pen_in_squ	23	7.20624	5	4
pen_in_squ	24	7.33690	5	4
pen_in_squ	25	7.45360	5	4
pen_in_tri	1	2.71621	5	3
pen_in_tri	2	4.01077	5	3
pen_in_tri	3	4.12164	5	3
pen_in_tri	4	5.21983	5	3
pen_in_tri	5	5.55809	5	3
pen_in_tri	6	5.63540	5	3
pen_in_tri	7	6.50034	5	3
pen_in_tri	8	6.81133	5	3
pen_in_tri	9	7.08969	5	3
pen_in_tri	10	7.17235	5	3
pen_in_tri	11	7.93748	5	3
pen_in_tri	12	8.19117	5	3
pen_in_tri	13	8.37807	5	3
pen_in_tri	14	8.58917	5	3
pen_in_tri	15	8.69161	5	3
pen_in_tri	16	9.29700	5	3
pen_in_tri	17	9.57797	5	3
pen_in_tri	18	9.78077	5	3
pen_in_tri	19	9.92567	5	3
pen_in_tri	20	10.09879	5	3
pen_in_tri	21	10.17148	5	3
pen_in_tri	22	10.75818	5	3
pen_in_tri	23	10.99100	5	3
pen_in_tri	24	11.17511	5	3
pen_in_tri	25	11.32392	5	3
pen_in_tri	26	11.45623	5	3
pen_in_tri	27	11.59988	5	3
pen_in_tri	28	11.69454	5	3
pen_in_tri	29	12.18243	5	3
pen_in_tri	30	12.38893	5	3
pen_in_tri	31	12.59201	5	3
pen_in_tri	32	12.71117	5	3
pen_in_tri	33	12.86391	5	3
pen_in_tri	34	12.98141	5	3
pen_in_tri	35	13.11409	5	3
pen_in_tri	36	13.18354	5	3
pen_in_tri	37	13.64359	5	3
pen_in_tri	38	13.83966	5	3
pen_in_tri	39	13.98431	5	3
pen_in_tri	40	14.13953	5	3
squ_in_hex	1	0.778	4	6
squ_in_hex	2	1.154	4	6
squ_in_hex	3	1.366	4	6
squ_in_hex	4	1.519	4	6
squ_in_hex	5	1.732	4	6
squ_in_hex	6	1.821	4	6
squ_in_hex	7	1.861	4	6
squ_in_hex	8	2.15378	4	6
squ_in_hex	9	2.23205	4	6
squ_in_hex	10	2.309	4	6
squ_in_hex	11	2.40944	4	6
squ_in_hex	12	2.443	4	6
squ_in_hex	13	2.572	4	6
squ_in_hex	14	2.62126	4	6
squ_in_hex	15	2.75364	4	6
squ_in_hex	16	2.82002	4	6
squ_in_hex	17	2.87264	4	6
squ_in_hex	18	2.92104	4	6
squ_in_hex	19	2.93508	4	6
squ_in_hex	20	3.16123	4	6
squ_in_hex	21	3.23481	4	6
squ_in_hex	22	3.31432	4	6
squ_in_hex	23	3.36407	4	6
squ_in_hex	24	3.40286	4	6
squ_in_hex	25	3.46410	4	6
squ_in_hex	26	3.49276	4	6
squ_in_hex	27	3.52072	4	6
squ_in_hex	28	3.61979	4	6
squ_in_hex	29	3.66437	4	6
squ_in_hex	30	3.69552	4	6
squ_in_hex	31	3.78143	4	6
squ_in_hex	32	3.84140	4	6
squ_in_hex	33	3.86634	4	6
squ_in_hex	34	3.91853	4	6
squ_in_hex	35	3.98201	4	6
squ_in_hex	36	4.02042	4	6
squ_in_hex	37	4.04145	4	6
squ_in_hex	38	4.18036	4	6
squ_in_hex	39	4.24512	4	6
squ_in_hex	40	4.30171	4	6
squ_in_oct	2	0.87669	4	8
squ_in_oct	3	1.02940	4	8
squ_in_oct	4	1.08239	4	8
squ_in_oct	5	1.24261	4	8
squ_in_oct	6	1.34314	4	8
squ_in_oct	7	1.43690	4	8
squ_in_oct	8	1.56962	4	8
squ_in_oct	9	1.62358	4	8
squ_in_oct	10	1.68171	4	8
squ_in_oct	11	1.73152	4	8
squ_in_oct	12	1.75339	4	8
squ_in_oct	13	1.89674	4	8
squ_in_oct	14	1.98302	4	8
squ_in_oct	15	2.03168	4	8
squ_in_oct	16	2.07106	4	8
squ_in_oct	17	2.07106	4	8
squ_in_oct	18	2.16732	4	8
squ_in_oct	19	2.22435	4	8
squ_in_oct	20	2.28598	4	8
squ_in_oct	21	2.31833	4	8
squ_in_oct	22	2.41575	4	8
squ_in_oct	23	2.46879	4	8
squ_in_oct	24	2.48528	4	8
squ_in_oct	25	2.48959	4	8
squ_in_oct	26	2.52709	4	8
squ_in_oct	27	2.58584	4	8
squ_in_oct	28	2.62788	4	8
squ_in_oct	29	2.70553	4	8
squ_in_oct	30	2.73879	4	8
squ_in_oct	31	2.78428	4	8
squ_in_oct	32	2.83980	4	8
squ_in_oct	33	2.85903	4	8
squ_in_oct	34	2.89949	4	8
squ_in_oct	35	2.90679	4	8
squ_in_oct	36	2.92870	4	8
squ_in_oct	37	2.92893	4	8
squ_in_oct	38	3.02113	4	8
squ_in_oct	39	3.08444	4	8
squ_in_oct	40	3.14201	4	8
squ_in_pen	2	1.535	4	5
squ_in_pen	3	1.695	4	5
squ_in_pen	4	1.861	4	5
squ_in_pen	5	1.951	4	5
squ_in_pen	6	2.185	4	5
squ_in_pen	7	2.421	4	5
squ_in_pen	8	2.565	4	5
squ_in_pen	9	2.693	4	5
squ_in_pen	10	2.793	4	5
squ_in_pen	11	2.890	4	5
squ_in_pen	12	2.969	4	5
squ_in_pen	13	3.12074	4	5
squ_in_pen	14	3.187	4	5
squ_in_pen	15	3.284	4	5
squ_in_pen	16	3.47851	4	5
squ_in_pen	17	3.541	4	5
squ_in_pen	18	3.62598	4	5
squ_in_pen	19	3.70918	4	5
squ_in_pen	20	3.79775	4	5
squ_in_pen	21	3.86365	4	5
squ_in_pen	22	3.93347	4	5
squ_in_pen	23	4.00109	4	5
squ_in_pen	24	4.10103	4	5
squ_in_pen	25	4.16727	4	5
squ_in_pen	26	4.22150	4	5
squ_in_pen	27	4.34851	4	5
squ_in_pen	28	4.41576	4	5
squ_in_pen	29	4.49879	4	5
squ_in_pen	30	4.54753	4	5
squ_in_pen	31	4.62404	4	5
squ_in_pen	32	4.70000	4	5
squ_in_pen	33	4.75331	4	5
squ_in_pen	34	4.81345	4	5
squ_in_pen	35	4.86283	4	5
squ_in_pen	36	4.93131	4	5
squ_in_pen	37	4.97801	4	5
squ_in_pen	38	5.04838	4	5
squ_in_pen	39	5.13653	4	5
squ_in_pen	40	5.16849	4	5
squ_in_tri	1	2.154	4	3
squ_in_tri	2	3.154	4	3
squ_in_tri	3	3.232	4	3
squ_in_tri	4	4.154	4	3
squ_in_tri	5	4.309	4	3
squ_in_tri	6	4.309	4	3
squ_in_tri	7	5.154	4	3
squ_in_tri	8	5.301	4	3
squ_in_tri	9	5.309	4	3
squ_in_tri	10	5.464	4	3
squ_in_tri	11	6.154	4	3
squ_in_tri	12	6.301	4	3
squ_in_tri	13	6.309	4	3
squ_in_tri	14	6.464	4	3
squ_in_tri	15	6.464	4	3
squ_in_tri	16	7.154	4	3
squ_in_tri	17	7.301	4	3
squ_in_tri	18	7.309	4	3
squ_in_tri	19	7.464	4	3
squ_in_tri	20	7.61695	4	3
squ_in_tri	21	7.618	4	3
squ_in_tri	22	8.15259	4	3
squ_in_tri	23	8.301	4	3
squ_in_tri	24	8.309	4	3
squ_in_tri	25	8.464	4	3
squ_in_tri	26	8.618	4	3
squ_in_tri	27	8.618	4	3
squ_in_tri	28	8.773	4	3
squ_in_tri	29	9.154	4	3
squ_in_tri	30	9.301	4	3
squ_in_tri	31	9.309	4	3
squ_in_tri	32	9.464	4	3
squ_in_tri	33	9.618	4	3
squ_in_tri	34	9.618	4	3
squ_in_tri	35	9.773	4	3
squ_in_tri	36	9.773	4	3
squ_in_tri	37	10.15299	4	3
squ_in_tri	38	10.304	4	3
squ_in_tri	39	10.30940	4	3
squ_in_tri	40	10.46410	4	3
squ_in_tri	41	10.61880	4	3
squ_in_tri	42	10.61880	4	3
squ_in_tri	43	10.77350	4	3
tri_in_hex	7	1.277	3	6
tri_in_hex	8	1.356	3	6
tri_in_hex	9	1.434	3	6
tri_in_hex	10	1.497	3	6
tri_in_hex	11	1.500	3	6
tri_in_hex	12	1.623	3	6
tri_in_hex	13	1.663829	3	6
tri_in_hex	14	1.725	3	6
tri_in_hex	15	1.750	3	6
tri_in_hex	16	1.800	3	6
tri_in_hex	17	1.833	3	6
tri_in_hex	18	1.888	3	6
tri_in_hex	19	1.953	3	6
tri_in_hex	20	1.97591	3	6
tri_in_hex	21	1.99869	3	6
tri_in_hex	25	2.16666	3	6
tri_in_hex	26	2.21991	3	6
tri_in_hex	27	2.29540	3	6
tri_in_hex	28	2.32251	3	6
tri_in_hex	29	2.33333	3	6
tri_in_hex	30	2.375	3	6
tri_in_hex	31	2.4	3	6
tri_in_hex	32	2.46104	3	6
tri_in_hex	33	2.49038	3	6
tri_in_hex	34	2.5	3	6
tri_in_hex	35	2.5	3	6
tri_in_hex	36	2.58307	3	6
tri_in_hex	37	2.61436	3	6
tri_in_hex	38	2.65998	3	6
tri_in_hex	39	2.66666	3	6
tri_in_hex	40	2.71131	3	6
tri_in_hex	41	2.73692	3	6
tri_in_hex	42	2.75	3	6
tri_in_hex	43	2.8	3	6
tri_in_hex	44	2.833	3	6
tri_in_hex	45	2.833	3	6
tri_in_hex	46	2.88830	3	6
tri_in_hex	47	2.917	3	6
tri_in_hex	48	2.9375	3	6
tri_in_hex	49	2.97693	3	6
tri_in_oct	9	1.00871	3	8
tri_in_oct	10	1.07515	3	8
tri_in_oct	11	1.14562	3	8
tri_in_oct	12	1.19914	3	8
tri_in_oct	13	1.23726	3	8
tri_in_oct	14	1.27629	3	8
tri_in_oct	15	1.30240	3	8
tri_in_oct	16	1.34566	3	8
tri_in_oct	17	1.38854	3	8
tri_in_oct	18	1.41763	3	8
tri_in_oct	19	1.46678	3	8
tri_in_oct	20	1.49689	3	8
tri_in_oct	21	1.52519	3	8
tri_in_oct	22	1.55435	3	8
tri_in_oct	23	1.58348	3	8
tri_in_oct	24	1.60180	3	8
tri_in_oct	25	1.63703	3	8
tri_in_oct	26	1.67455	3	8
tri_in_oct	27	1.70616	3	8
tri_in_oct	28	1.73796	3	8
tri_in_oct	29	1.75285	3	8
tri_in_oct	30	1.77911	3	8
tri_in_oct	31	1.80338	3	8
tri_in_oct	32	1.82994	3	8
tri_in_oct	33	1.85226	3	8
tri_in_oct	34	1.87172	3	8
tri_in_oct	35	1.89051	3	8
tri_in_oct	36	1.92667	3	8
tri_in_oct	37	1.95615	3	8
tri_in_pen	2	1.070	3	5
tri_in_pen	3	1.143	3	5
tri_in_pen	4	1.199	3	5
tri_in_pen	5	1.240	3	5
tri_in_pen	6	1.393	3	5
tri_in_pen	7	1.581	3	5
tri_in_pen	8	1.659	3	5
tri_in_pen	9	1.767	3	5
tri_in_pen	10	1.815	3	5
tri_in_pen	11	1.871	3	5
tri_in_pen	12	1.973	3	5
tri_in_pen	13	2.017	3	5
tri_in_pen	14	2.088	3	5
tri_in_pen	15	2.123	3	5
tri_in_pen	16	2.17596	3	5
tri_in_pen	17	2.23656	3	5
tri_in_pen	18	2.29381	3	5
tri_in_pen	19	2.344	3	5
tri_in_pen	20	2.43345	3	5
tri_in_pen	21	2.479	3	5
tri_in_pen	22	2.56740	3	5
tri_in_pen	23	2.61825	3	5
tri_in_pen	24	2.66641	3	5
tri_in_pen	25	2.71860	3	5
tri_in_pen	26	2.76865	3	5
tri_in_pen	27	2.81741	3	5
tri_in_pen	28	2.86636	3	5
tri_in_pen	29	2.90240	3	5
tri_in_pen	30	2.95014	3	5
tri_in_pen	31	2.98366	3	5
tri_in_pen	32	3.02686	3	5
tri_in_pen	33	3.06583	3	5
tri_in_pen	34	3.11073	3	5
tri_in_pen	35	3.14843	3	5
tri_in_pen	36	3.17473	3	5
tri_in_pen	37	3.21120	3	5
tri_in_pen	38	3.24851	3	5
tri_in_pen	39	3.29219	3	5
tri_in_pen	40	3.32605	3	5
tri_in_pen	41	3.36740	3	5
tri_in_pen	42	3.42505	3	5
tri_in_pen	43	3.46438	3	5
tri_in_pen	44	3.52140	3	5
tri_in_pen	45	3.51261	3	5
tri_in_pen	46	3.61491	3	5
tri_in_pen	47	3.65924	3	5
tri_in_pen	48	3.67605	3	5
tri_in_pen	49	3.72296	3	5
tri_in_pen	50	3.75988	3	5
tri_in_squ	2	1.224	3	4
tri_in_squ	3	1.478	3	4
tri_in_squ	4	1.577	3	4
tri_in_squ	5	1.803	3	4
tri_in_squ	6	1.901	3	4
tri_in_squ	8	2.098	3	4
tri_in_squ	9	2.287	3	4
tri_in_squ	10	2.377	3	4
tri_in_squ	11	2.490	3	4
tri_in_squ	12	2.558	3	4
tri_in_squ	13	2.595	3	4
tri_in_squ	14	2.726	3	4
tri_in_squ	15	2.82989	3	4
tri_in_squ	16	2.9000	3	4
tri_in_squ	17	2.982	3	4
tri_in_squ	18	3.051	3	4
tri_in_squ	19	3.12929	3	4
tri_in_squ	20	3.2305	3	4
tri_in_squ	21	3.31102	3	4
tri_in_squ	22	3.3757	3	4
tri_in_squ	23	3.4311	3	4
tri_in_squ	24	3.46780	3	4
tri_in_squ	25	3.537	3	4
tri_in_squ	26	3.575	3	4
tri_in_squ	27	3.6726	3	4
tri_in_squ	28	3.75707	3	4
tri_in_squ	29	3.81711	3	4
tri_in_squ	30	3.86619	3	4
tri_in_squ	31	3.93107	3	4
tri_in_squ	32	3.97880	3	4
tri_in_squ	33	4.05164	3	4
tri_in_squ	34	4.09088	3	4
tri_in_squ	35	4.14123	3	4
tri_in_squ	36	4.20791	3	4
tri_in_squ	37	4.26880	3	4
tri_in_squ	38	4.32018	3	4
tri_in_squ	39	4.36792	3	4
tri_in_squ	40	4.41058	3	4
tri_in_squ	41	4.46446	3	4
tri_in_squ	42	4.51177	3	4
tri_in_squ	43	4.55035	3	4
tri_in_squ	44	4.60023	3	4
tri_in_squ	45	4.67749	3	4
tri_in_squ	46	4.72965	3	4
tri_in_squ	47	4.78204	3	4
tri_in_squ	48	4.82632	3	4
tri_in_tri	5	2.732	3	3
tri_in_tri	6	2.977	3	3
tri_in_tri	10	3.5	3	3
tri_in_tri	11	3.722	3	3
tri_in_tri	12	3.879	3	3
tri_in_tri	13	3.992	3	3
tri_in_tri	17	4.465	3	3
tri_in_tri	18	4.5	3	3
tri_in_tri	19	4.666	3	3
tri_in_tri	20	4.861	3	3
tri_in_tri	21	4.923	3	3
tri_in_tri	22	4.996	3	3
tri_in_tri	26	5.406	3	3
tri_in_tri	27	5.5	3	3
tri_in_tri	28	5.5	3	3
tri_in_tri	29	5.666	3	3
tri_in_tri	30	5.75	3	3
tri_in_tri	31	5.90766	3	3
tri_in_tri	32	5.94593	3	3
tri_in_tri	33	5.99759	3	3
tri_in_tri	37	6.333	3	3
tri_in_tri	38	6.42823	3	3
tri_in_tri	39	6.5	3	3
tri_in_tri	40	6.5	3	3
tri_in_tri	41	6.666	3	3
tri_in_tri	42	6.75	3	3
tri_in_tri	43	6.8	3	3
tri_in_tri	44	6.93076	3	3
tri_in_tri	45	6.95922	3	3
tri_in_tri	46	6.99837	3	3
tri_in_tri	50	7.32732	3	3
