category,n,source,s_claimed,s_raw_fresh,s_certified_fresh,worst_pair_sep,worst_containment,cert_cost,verdict
hex_in_hex,32,B4 ALL19 coordinates txt,6.260881958274990,6.260881958274989,6.260881958275790,-1.585e-13,-1.981e-13,8.011e-13,VERIFIED
hex_in_hex,33,B4 ALL19 coordinates txt,6.265896788426259,6.265896788426257,6.265896788426257,+1.566e-12,+1.613e-12,0.000e+00,VERIFIED
hex_in_pen,5,B7 FINAL8 json,3.219728441230089,3.219728441230089,3.219728441230089,+3.035e-12,+1.298e-11,0.000e+00,VERIFIED
hex_in_pen,26,B7 FINAL8 json,7.047340522162662,7.047340522162662,7.047340522164712,-5.036e-13,+7.081e-12,2.050e-12,VERIFIED
hex_in_pen,27,B5/B6 ALL26 coordinates txt,7.153071449490314,7.153071449490313,7.153071449490313,+2.092e-13,+1.101e-13,0.000e+00,VERIFIED
hex_in_pen,30,B5/B6 ALL26 coordinates txt,7.459853596877675,7.459853596877674,7.459853596878733,-1.290e-13,-3.464e-13,1.059e-12,VERIFIED
hex_in_pen,32,B5/B6 ALL26 coordinates txt,7.766495222005064,7.766495222005062,7.766495222006502,-3.002e-13,-6.484e-14,1.440e-12,VERIFIED
oct_in_hex,6,B5/B6 ALL26 coordinates txt,3.947306302388469,3.947306302388469,3.947306302389249,-3.647e-13,+5.141e-12,7.794e-13,VERIFIED
oct_in_hex,20,B5/B6 ALL26 coordinates txt,6.994504805050101,6.994504805050100,6.994504805051101,-2.642e-13,+1.581e-13,1.000e-12,VERIFIED
oct_in_tri,14,B5/B6 ALL26 coordinates txt,14.239214111099999,14.239214111099997,14.239214111100614,-8.005e-14,+1.332e-15,6.164e-13,VERIFIED
oct_in_tri,18,B5/B6 ALL26 coordinates txt,16.409792942504033,16.409792942504033,16.409792942504033,+2.186e-12,+1.873e-11,0.000e+00,VERIFIED
pen_in_hex,6,B7 FINAL8 json,2.322939295665665,2.322939295665665,2.322939295667044,-7.924e-13,-2.456e-13,1.379e-12,VERIFIED
pen_in_hex,26,B5/B6 ALL26 coordinates txt,4.660313003943706,4.660313003943706,4.660313003944477,-8.527e-14,-5.347e-13,7.709e-13,VERIFIED
pen_in_hex,27,B5/B6 ALL26 coordinates txt,4.717566100821409,4.717566100821409,4.717566100821458,+4.574e-14,-4.974e-14,4.885e-14,VERIFIED
pen_in_hex,28,B5/B6 ALL26 coordinates txt,4.843997128569802,4.843997128569802,4.843997128571289,-4.853e-13,-3.464e-14,1.487e-12,VERIFIED
pen_in_hex,29,B5/B6 ALL26 coordinates txt,4.910037168096236,4.910037168096236,4.910037168096438,-4.219e-14,-7.638e-14,2.025e-13,VERIFIED
pen_in_hex,30,B5/B6 ALL26 coordinates txt,4.964065503257694,4.964065503257694,4.964065503259085,-4.534e-13,+3.633e-13,1.391e-12,VERIFIED
pen_in_hex,31,B5/B6 ALL26 coordinates txt,5.093187066228374,5.093187066228375,5.093187066229176,-2.087e-13,-1.465e-13,8.011e-13,VERIFIED
pen_in_oct,28,B5/B6 ALL26 coordinates txt,3.565751008264712,3.565751008264713,3.565751008264713,+1.381e-13,+1.972e-13,0.000e+00,VERIFIED
pen_in_oct,29,B5/B6 ALL26 coordinates txt,3.618964005470293,3.618964005470293,3.618964005470293,+1.932e-13,+5.329e-15,0.000e+00,VERIFIED
pen_in_oct,30,B5/B6 ALL26 coordinates txt,3.666780445692500,3.666780445692500,3.666780445693376,-3.699e-13,-5.240e-14,8.757e-13,VERIFIED
pen_in_oct,31,B5/B6 ALL26 coordinates txt,3.744162795016955,3.744162795016955,3.744162795016955,+8.460e-14,+8.793e-14,0.000e+00,VERIFIED
pen_in_squ,8,B7 FINAL8 json,4.381909606459235,4.381909606459235,4.381909606459235,+4.149e-11,+4.617e-11,0.000e+00,VERIFIED
pen_in_tri,26,B7 FINAL8 json,11.455492110823988,11.455492110823988,11.455492110827338,-2.887e-13,-4.432e-13,3.350e-12,VERIFIED
squ_in_hex,30,B5/B6 ALL26 coordinates txt,3.695528789733827,3.695528789733828,3.695528789734128,-1.150e-13,+2.265e-12,3.006e-13,VERIFIED
squ_in_hex,40,B5/B6 ALL26 coordinates txt,4.301713931484647,4.301713931484647,4.301713931485547,-1.945e-13,-3.766e-13,8.997e-13,VERIFIED
squ_in_oct,26,B4 ALL19 coordinates txt,2.527094992258591,2.527094992258591,2.527094992258593,-8.882e-16,-1.776e-15,2.665e-15,VERIFIED
squ_in_oct,31,B4 ALL19 coordinates txt,2.784280735143800,2.784280735143800,2.784280735143869,+6.772e-14,-1.172e-13,6.883e-14,VERIFIED
squ_in_oct,32,B4 ALL19 coordinates txt,2.839808692332037,2.839808692332037,2.839808692332344,-1.532e-13,+3.659e-13,3.078e-13,VERIFIED
squ_in_oct,33,B4 ALL19 coordinates txt,2.859036377433378,2.859036377433378,2.859036377434041,-3.039e-13,-8.260e-14,6.630e-13,VERIFIED
squ_in_oct,35,B4 ALL19 coordinates txt,2.906795194041193,2.906795194041193,2.906795194041794,-2.256e-13,-2.327e-13,6.004e-13,VERIFIED
squ_in_oct,36,B2 results json,2.928701551520834,2.928701551520834,2.928701551520834,+5.016e-11,+1.360e-11,0.000e+00,VERIFIED
squ_in_oct,38,B4 ALL19 coordinates txt,3.021130178730576,3.021130178730576,3.021130178731268,-3.237e-13,+3.642e-14,6.923e-13,VERIFIED
squ_in_oct,39,B4 ALL19 coordinates txt,3.084443082033133,3.084443082033131,3.084443082033303,-6.128e-14,-6.395e-14,1.714e-13,VERIFIED
squ_in_oct,40,B4 ALL19 coordinates txt,3.142017576662691,3.142017576662691,3.142017576662898,+8.831e-13,-3.526e-13,2.069e-13,VERIFIED
squ_in_tri,41,B3 squintri email,10.618802157230435,10.618802157230435,10.618802157231039,-4.130e-14,-1.199e-13,6.040e-13,VERIFIED
squ_in_tri,42,B3 squintri email,10.618802157230435,10.618802157230435,10.618802157232246,-2.411e-13,+4.174e-14,1.810e-12,VERIFIED
squ_in_tri,43,B3 squintri email,10.773502698922991,10.773502698922991,10.773502698925826,-3.721e-13,+1.199e-13,2.835e-12,VERIFIED
tri_in_hex,8,n8 tie json,1.356597399687052,1.356597399687052,1.356597399687052,+1.110e-16,+1.602e-11,0.000e+00,VERIFIED
tri_in_hex,36,B4 ALL19 coordinates txt,2.583078120356046,2.583078120356045,2.583078120356177,+4.707e-13,-1.985e-13,1.323e-13,VERIFIED
tri_in_oct,31,B5/B6 ALL26 coordinates txt,1.803380228582351,1.803380228582351,1.803380228582809,-1.321e-13,-4.601e-13,4.583e-13,VERIFIED
tri_in_oct,32,B5/B6 ALL26 coordinates txt,1.829942561156610,1.829942561156610,1.829942561156610,+1.006e-12,+7.730e-12,0.000e+00,VERIFIED
tri_in_oct,33,B7 FINAL8 json,1.847892538040222,1.847892538040222,1.847892538040437,-5.795e-14,-2.260e-13,2.152e-13,VERIFIED
tri_in_oct,34,B7 FINAL8 json,1.864544399987333,1.864544399987333,1.864544399988288,-5.126e-13,+2.176e-13,9.555e-13,VERIFIED
tri_in_oct,35,B5/B6 ALL26 coordinates txt,1.890513580971307,1.890513580971307,1.890513580971410,-3.197e-14,-8.793e-14,1.021e-13,VERIFIED
tri_in_oct,36,B5/B6 ALL26 coordinates txt,1.926678746514661,1.926678746514660,1.926678746515406,-3.602e-13,-1.075e-13,7.454e-13,VERIFIED
tri_in_oct,37,B5/B6 ALL26 coordinates txt,1.956159784268007,1.956159784268006,1.956159784268006,+3.723e-13,+4.423e-13,0.000e+00,VERIFIED
tri_in_pen,28,B4 ALL19 coordinates txt,2.866364405710964,2.866364405710964,2.866364405712530,-4.368e-13,-3.744e-13,1.566e-12,VERIFIED
tri_in_pen,29,B4 ALL19 coordinates txt,2.902407086110427,2.902407086110427,2.902407086112104,-4.630e-13,-3.970e-13,1.677e-12,VERIFIED
tri_in_pen,30,B4 ALL19 coordinates txt,2.950141785091575,2.950141785091575,2.950141785091593,-6.217e-15,+2.385e-13,1.776e-14,VERIFIED
tri_in_pen,34,B4 ALL19 coordinates txt,3.110731485121739,3.110731485121738,3.110731485123218,-3.513e-13,-4.619e-13,1.480e-12,VERIFIED
tri_in_pen,35,B4 ALL19 coordinates txt,3.148433015984678,3.148433015984678,3.148433015985484,-2.558e-13,+1.696e-13,8.056e-13,VERIFIED
tri_in_pen,36,B4 ALL19 coordinates txt,3.174730905252747,3.174730905252747,3.174730905252863,-3.286e-14,-1.332e-14,1.159e-13,VERIFIED
tri_in_pen,42,B4 ALL19 coordinates txt,3.425057335841219,3.425057335841218,3.425057335842800,-4.193e-13,-1.741e-13,1.582e-12,VERIFIED
tri_in_pen,43,B7 FINAL8 json,3.464339139102929,3.464339139102929,3.464339139104347,-4.092e-13,+1.350e-13,1.418e-12,VERIFIED
